timestamp_utc,mood,polarity
2026-10-01T20:31:47.483583+00:00,sad,-0.5
2026-10-01T20:31:50.502340+00:00,sad,-0.5
2026-10-01T20:31:51.386998+00:00,sad,-0.5
2026-10-01T20:31:51.652518+00:00,sad,-0.5
2026-10-01T20:31:51.867369+00:00,sad,-0.5
2026-10-01T20:31:52.103443+00:00,sad,-0.5
2026-10-01T20:39:51.658656+00:00,sad,-0.5
2026-10-01T20:54:13.881100+00:00,sad,-0.5
2026-10-01T20:54:14.887151+00:00,sad,-0.5
2026-10-01T20:54:15.124991+00:00,sad,-0.5
2026-10-01T20:55:31.841813+00:00,sad,-0.5
2026-10-01T20:57:07.471144+00:00,melancholy,-0.1
2026-10-01T20:57:56.507673+00:00,sad,-0.7
